{
  "project_info": {
    "project_number": "799214564540",
    "firebase_url": "https://fireapp-b8642.firebaseio.com",
    "project_id": "fireapp-b8642",
    "storage_bucket": "fireapp-b8642.appspot.com"
  },
  "client": [
    {
      "client_info": {
        "mobilesdk_app_id": "1:799214564540:android:8a6a2d417c366820284cb9",
        "android_client_info": {
          "package_name": "com.teama.walkinclinic"
        }
      },
      "oauth_client": [
        {
          "client_id": "799214564540-f4him3rstrd03igekghorvn5cc082s9l.apps.googleusercontent.com",
          "client_type": 1,
          "android_info": {
            "package_name": "com.teama.walkinclinic",
            "certificate_hash": "f28b7d7246bf92158957d33b064426013f3c4b56"
          }
        },
        {
          "client_id": "799214564540-7ptrkp8l0okv6q7ol1o9r6hhu9fbqvpq.apps.googleusercontent.com",
          "client_type": 3
        }
      ],
      "api_key": [
        {
          "current_key": "AIzaSyB7maI52xEJESUItd3iJ1nmsfwr5qbYnkY"
        }
      ],
      "services": {
        "appinvite_service": {
          "other_platform_oauth_client": [
            {
              "client_id": "799214564540-7ptrkp8l0okv6q7ol1o9r6hhu9fbqvpq.apps.googleusercontent.com",
              "client_type": 3
            }
          ]
        }
      }
    }
  ],
  "configuration_version": "1"
}